eydrent.eth,306
matoken.eth,209
ens.eth,199
brantly.eth,171
deivitto.eth,152
luc.computer,146
greywizard.eth,127
lefteris.eth,126
nick.eth,118
ethilio.eth,108
tanrikulu.eth,103
waangmi.eth,99
burz.eth,98
0xjoshua.eth,98
kelsos.eth,95
nixorokish.eth,94
validator.eth,92
coltron.eth,92
avsa.eth,85
daylon.eth,83
james.eth,83
0xtangle.eth,77
gutybv.eth,73
dperri.eth,65
planett.eth,65
ligi.ethereum.eth,63
jmann.eth,62
garypalmerjr.eth,59
hudson.eth,59
luksgrin.eth,57
sidsel.eth,56
gregskril.eth,55
dcjanio.eth,55
wackerow.eth,54
shannonewing.eth,53
alejandro99so.eth,53
poap.eth,51
vincentweisser.eth,51
vegayp.eth,49
leobunster.eth,49
cryptonautas.eth,47
josefje.eth,47
wollivan.eth,46
helenag.eth,45
monomesa.eth,45
publu.eth,45
heyjet.eth,45
jorkleo.eth,43
malteish.eth,43
dpfeffer.eth,42
adidonato.eth,42
slobo.eth,41
androolloyd.eth,41
emiliosilva.eth,41
chrishobcroft.eth,41
nisita.eth,40
oscarbarajas.eth,40
hadriencroubois.eth,40
aaroncervera.eth,40
kevinvitale.eth,39
ocandocrypto.eth,39
yeoudev.eth,38
bugmachine.eth,38
jefflau.eth,37
lanechain.eth,37
shinya.eth,37
vadim.eth,37
rom.eth,36
cristianvaldivia.eth,36
raymoncalitri.eth,36
bjentzsch.eth,36
eiriemyt.eth,36
facu.eth,36
floguo.eth,36
devconistanbul.eth,36
dcbuilder.eth,35
brichis.eth,35
griff.eth,35
fius.eth,35
5pence.eth,35
justinahn.eth,33
diegocabral.eth,33
luisotravez.eth,33
divinecomedian.eth,33
joxes.eth,33
prestonvanloon.eth,33
nicogallardo.eth,32
pablito.eth,32
kevincharm.eth,31
cj42.eth,31
ronan.eth,31
harpreet.eth,31
ariahmyt.eth,31
cryptochica.eth,31
criptomemex.eth,31
0xtoucan.eth,31
aavechan.eth,31
surybonfil.eth,30
fioscan.eth,30
monografia.eth,30
alcito.eth,30
lunera.eth,30
zett.eth,30
charlesgom.eth,30
tonior.eth,30
maifinance.eth,30
edwarf.eth,30
reblock.eth,29
m1guelpf.eth,29
schmidsi.eth,29
schwy.eth,29
romy.eth,29
nebolax.eth,29
renacassinelli.eth,28
awstian.eth,28
funkyenough.eth,27
bbusa.eth,27
mysticryuujin.eth,27
crisgarner.eth,27
estmcmxci.eth,27
willywonka.eth,27
jamescarnley.eth,27
0xglitch.eth,27
ulupica.eth,26
jacob.willemsma.eth,26
chaps.eth,26
knobelsdorf.eth,26
wmitsuda.eth,26
tksohishi.eth,26
17500.eth,26
proto.eth,26
jtriley.eth,26
palla.eth,25
riazy.eth,25
metadreamer.eth,25
palomino.eth,25
capitulation.eth,25
fishbiscuit.eth,25
jeff.eth,24
laincalvo.eth,24
rossdev.eth,24
driade1.eth,24
0xulas.eth,24
kvbik.eth,24
simona.eth,24
jaybuidl.eth,24
billzh.eth,24
bakufu.eth,24
soule.eth,24
wenmoonüöÄüåï.eth,24
danolar.eth,23
entigd.eth,23
alcercu.eth,23
lalocripto.eth,23
mattias.eth,23
sktbrd.eth,23
tobsch.eth,23
yellowsunshine.eth,23
ctrlc03.eth,23
web3beach.eth,23
petersson.eth,23
cristiancamilo.eth,22
maggo.eth,22
parithosh.eth,22
0xmanu.eth,22
lesmo.eth,22
callum.eth,22
saksijas.eth,22
ncrmro.eth,22
libevm.eth,22
0xjh0n.eth,22
danilokim.eth,22
0xmono.eth,22
vitadao.eth,22
ryanouyang.eth,21
shutterblock.eth,21
scottrepreneur.eth,21
roseight.eth,21
lamarche.eth,21
khori.eth,21
cbob.eth,21
fpetra.eth,21
jessfo.eth,21
adeluchi.eth,21
melaniedavis.eth,21
ricmoo.eth,21
viarnes.eth,21
defigirlxo.eth,21
nicobevi.eth,21
nventuro.eth,21
apostolos.eth,21
mullethdude.eth,21
kalis.eth,21
robanon.eth,21
dylancaponi.eth,21
sudobangbang.eth,21
smithkenn.eth,21
gballet.eth,21
ktlxv.eth,20
eridian.eth,20
colfax.eth,20
nate-d3v.eth,20
nicobilinkis.eth,20
bucky.eth,20
olshansky.eth,20
hsuanting.eth,20
patomolina.eth,20
lucianken.eth,20
javiersalomon.eth,20
alfajorcitos.eth,20
ffmad.eth,20
norswap.eth,20
shubhamyadav.eth,20
luckyrando.eth,20
fractonventures.eth,20
dragi≈°a.eth,20
zklumi.eth,19
mapachurro.eth,19
marian0.eth,19
kaylab.eth,19
tadeo.eth,19
unnawut.eth,19
proofofjake.eth,19
jimjim.eth,19
anthonysurfer.eth,19
forestfang.eth,19
cryptoreumd.eth,19
zeugh.eth,19
baudao.eth,19
eazyg.eth,19
j6sp5r.eth,19
epicqueen.eth,19
coineasydao.eth,19
perpetualbeta.eth,19
kiki.kalis.eth,19
relyt29.eth,19
yonim.eth,19
sfalah.eth,19
celictz.eth,19
creeefs.eth,18
0xyamen.eth,18
augustol.eth,18
alimsahin.eth,18
thesquanch.eth,18
estok.eth,18
bleesh.eth,18
keilu.eth,18
tobifrieder.eth,18
mattmurrs.eth,18
edsphinx.eth,18
fryorcraken.eth,18
dioneo.eth,18
toghrulmaharram.eth,18
toony1908.eth,18
nftfork.eth,18
nrose.eth,18
leilastein.eth,18
jjmiranda.eth,18
gzeon.eth,18
agar3s.eth,18
brunitob.eth,18
flomojo.eth,18
gomezj.eth,18
santi.eth,18
targovet.eth,18
ethhonduras.eth,18
naopiart.eth,18
beyondr.eth,18
digale.eth,18
rayshan.eth,18
especulacion.eth,18
dawgctor.eth,18
axelg.eth,17
ismailemin.eth,17
ymyl.eth,17
stellaachenbach.eth,17
alex.eth,17
canerbudak.eth,17
ferbeat.eth,17
jasonchew.eth,17
bauti.eth,17
launamu.eth,17
coday.eth,17
sxy.eth,17
jonas.eth,17
kristof.eth,17
amzah.eth,17
theyavuzarslan.eth,17
ch1p.eth,17
carlosjmelgar.eth,17
slavomir.eth,17
aaronsoskin.eth,17
fsanchinelli.eth,17
daws.eth,17
lacarolina.eth,17
platohedro.eth,17
justinleroux.eth,17
ewcastroh.eth,17
nhsz.eth,16
pettinarip.eth,16
sebarz.eth,16
fedev.eth,16
simonethg.eth,16
gingerdao.eth,16
ccolorado.eth,16
gnidan.eth,16
hazelstar.eth,16
sasquatchtru.eth,16
haochizzle.eth,16
matheusfpl.eth,16
hkalodner.eth,16
lenklah.eth,16
cristpereirag.eth,16
aron.eth,16
carlosjramirez.eth,16
messhup.eth,16
chainyoda.lens.xyz,16
testnetjeff.eth,16
silkeed.eth,16
ricocrocodile.eth,16
khenna.eth,16
ayamiya.eth,16
doctorwholock.eth,16
sandusky.eth,16
normad.eth,15
nvcho.eth,15
borisblock.eth,15
marto.eth,15
tomim.eth,15
danceratopz.eth,15
dorukismen.eth,15
yuetloo.eth,15
disruptbanksy.eth,15
roundelephant.eth,15
cryptonahue.eth,15
booga.eth,15
lucya.eth,15
rubens.eth,15
juancamp1987.eth,15
barrutko.eth,15
wgmicommunity.eth,15
juvenft.eth,15
lordello.eth,15
jsbrown.eth,15
johnnyrut.eth,15
bodyionita.eth,15
snowysmile.eth,15
oswaldotorres.eth,15
spizzy.eth,15
aymon.eth,15
juangadriel.eth,15
kichu.eth,15
ecodev.eth,14
hiringinweb3.eth,14
scottymcbland.eth,14
lscorpion.eth,14
eugenefinch.eth,14
luenga.eth,14
samcm.eth,14
alaingode.eth,14
pcarranzav.eth,14
0xklom.eth,14
alefcripto.eth,14
pe4en.eth,14
atris.eth,14
lightwalker.eth,14
criptochix.eth,14
imblockchainmom.eth,14
tclemos.eth,14
sebaleoperez.eth,14
caronfire.eth,14
kartik.eth,14
chessxyz.eth,14
mcarrica.eth,14
plasmacorral.eth,14
nachonc.eth,14
othiago.eth,14
bernardchoo.eth,14
elbluebat.eth,14
joycechin.eth,14
jameshe.eth,14
ericglau.eth,14
auryn.eth,14
alex245.eth,14
matthiasang.eth,14
masnah.eth,14
jdetychey.eth,14
tjuliang.eth,13
infiniteplayer.eth,13
jerst.eth,13
tahos.eth,13
gonzaotc.eth,13
fhildeb.eth,13
analara.eth,13
itublockchain.eth,13
0xaren.eth,13
miguelo.eth,13
semitext.eth,13
shugo.eth,13
dinocres.eth,13
nftmerchant.eth,13
chanblock.eth,13
coreyar.eth,13
punkdev.eth,13
oriana.eth,13
charrocrypto.eth,13
protocolocripto.eth,13
forer.eth,13
juliya.eth,13
kysakapitan.eth,13
bpopa.eth,13
lewyp.eth,13
kiwi.eth,13
criptochingaderas.eth,13
criptocuriosas.eth,13
canelon.eth,13
mpetrunic.eth,13
dennisonbertram.eth,13
serverwentdown.eth,13
jusbroni.eth,13
bendumoulin.eth,13
pinalikefruit.eth,13
kevgmr.eth,13
agustincito.eth,13
heeckhau.eth,13
anatech.eth,13
0xdanko.eth,13
sters.eth,13
shawn.eth,13
miccy2.eth,13
ebrock.eth,13
lionseal.eth,13
patrickd.eth,13
hwanhn.eth,13
beist.eth,13
kyrana.eth,13
lexcryptographica.eth,13
davidrinm.eth,13
kev.eth,13
najarami.eth,13
changwu.eth,13
hugom.eth,12
davieli.eth,12
castignoli.eth,12
ferusoria.eth,12
carbonellpablo.eth,12
kirinparadise.eth,12
navarrocol.eth,12
hihiben.eth,12
maagfer.eth,12
francom.eth,12
0xlucas.eth,12
michsoftster.eth,12
selazoel.eth,12
diegomontesb.eth,12
rebecka.eth,12
casanova.eth,12
stephwong.eth,12
flywill.eth,12
tribuneoftheplebs.eth,12
lengo.eth,12
q9f.eth,12
diegolora.eth,12
pgbrandao.eth,12
liszy.eth,12
tjais.eth,12
0x1junior.eth,12
joaoavf.eth,12
mechers.eth,12
dmars300.eth,12
btcurenas.eth,12
elbecario.eth,12
sheenamonique.eth,12
rrraul.eth,12
tachibana.eth,12
bigdaniel.eth,12
demigod-v.eth,12
terence.eth,12
01abs.eth,12
iagocarvalhodev.eth,12
marquitos.eth,12
ziz0.eth,12
dlarrainy.eth,12
wandss.eth,12
simonemelanie.eth,12
solange.eth,12
ethernian.eth,12
contilean.eth,11
bfresh.eth,11
organix.eth,11
arturdev.eth,11
toshihiko.eth,11
metastoic.eth,11
haurog.eth,11
samchispas.eth,11
lauangelcu.eth,11
vengist.eth,11
mllan.eth,11
maycas.eth,11
evgeny.eth,11
yudhishthra.eth,11
usagii.eth,11
simonpolrot.sismo.eth,11
ukuki.eth,11
tgerring.eth,11
melen.eth,11
vmiracle.eth,11
timnugent.eth,11
caminocondiego.eth,11
bowielim.eth,11
csjoanna.eth,11
benlakoff.eth,11
neetori.eth,11
soliditydevelopercom.eth,11
belma.eth,11
whatupjeff.eth,11
priscilaguirre.eth,11
techdetech.eth,11
0xjean.eth,11
solyacuariana.eth,11
mafercordovas.eth,11
guil.eth,11
audreytang.eth,11
ifcam.eth,11
alexyao.eth,11
e1ru1o.eth,11
totalterminaldifficulty.eth,11
itsmils.eth,11
rallao.eth,11
obiwankenobi.eth,11
hackershann.eth,11
rolfy.eth,11
luis-ortiz.eth,11
neeel.eth,11
robdawson.eth,11
stkux.eth,11
dor1s.eth,11
criptomommy.eth,11
miguelgomeze.eth,11
diosplan.eth,11
fredlacs.eth,11
davidchu.eth,11
web3dav3.eth,11
afutse.eth,11
eduadiez.eth,11
geoff.eth,11
ericawall.eth,11
asiancryptogirl.eth,10
acuna.eth,10
whatt4.eth,10
nloureiro.eth,10
pprieditis.eth,10
cryptosysadmin.eth,10
zengjiajun.eth,10
0x68claire.eth,10
jenninguyen.eth,10
apitoriadev.eth,10
michelleanmar.eth,10
tmigone.eth,10
rynocreative.eth,10
andreablu.eth,10
turupawn.eth,10
saludiego201.eth,10
duckie3351.eth,10
0xholman.eth,10
pauldowman.eth,10
spindletopdigital.eth,10
smakosh.eth,10
pipe.eth,10
sucito.eth,10
soundi.eth,10
chrisbranders.eth,10
evangelos.eth,10
imlola.eth,10
smuu.eth,10
robertcap.eth,10
vanina.eth,10
riada.eth,10
notpeopling2day.eth,10
kaimi.eth,10
hollyatkinson.eth,10
mattwright.eth,10
ekinci.eth,10
0nur.eth,10
renzotrujillo.eth,10
caslu.eth,10
philipp16.eth,10
wildbambi.eth,10
diosito.eth,10
axlvaz.eth,10
spyglassventures.eth,10
franzi.eth,10
ryndon.eth,10
wolovim.eth,10
twoirtter.eth,10
broskies.eth,10
savid.eth,10
mateodaza.eth,10
bermz.eth,10
tenderize.eth,10
zook.eth,10
rafaelrodeiro.eth,10
taylormoon.eth,10
mesutgulecen.eth,10
nicoserranop.eth,10
ashhanai.eth,10
alan777.eth,10
wslyvh.eth,10
jackiesafari.eth,10
ethsec.eth,10
headass.eth,10
le0xul.eth,10
monobandido.eth,10
jesusluce11.eth,10
cryptotaxlawyer.io,10
stratoff.eth,10
levikarod.eth,10
someone.eth,10
jhanz.eth,10
luissambrano.eth,10
davidmriascos.eth,10
ledezzma.eth,10
alexdisney.eth,9
koalabs.eth,9
aidan.eth,9
morke.eth,9
gonzalodavalosv.eth,9
m3t4morphosis.eth,9
alabay.eth,9
binah.eth,9
chm75.eth,9
diegote.eth,9
ernestognw.eth,9
pabletes.eth,9
billw.eth,9
avitzthum.eth,9
pranitgarg.eth,9
bixdy.eth,9
protagoras.eth,9
oscardefrancia.eth,9
cyclonex.eth,9
btandayamo.eth,9
clarac.eth,9
ivancito.eth,9
pilirod.eth,9
digiwand.eth,9
cxqmaggie.eth,9
daveytea.eth,9
arthurmr.eth,9
bayge.eth,9
ignusmart.eth,9
piesrtasty.eth,9
brenner.eth,9
skywood.eth,9
wenqing.eth,9
jakubk.eth,9
albertou.eth,9
thegaram.eth,9
kennakitty.eth,9
gundeep.eth,9
belf.eth,9
tomketal.eth,9
tnagel.eth,9
rpedroni.eth,9
hack4fun.eth,9
enriqueop.eth,9
forestkeeperio.eth,9
0xyuzu.eth,9
prose11.eth,9
saolyn.eth,9
afa7789.eth,9
erxc.eth,9
0xconi.eth,9
wallet.solderneer.eth,9
fashionverse.eth,9
waynesworldza.eth,9
hamer.eth,9
navdabb.eth,9
patycripto.eth,9
ansgar.eth,9
bal.resch.eth,9
learnedchaos.eth,9
eek637.eth,9
salvino.eth,9
m1shanya.eth,9
cuartito.eth,9
morizeil.eth,9
hai-ko.eth,9
sina.eth,9
storaker.eth,9
balakhonoff.eth,9
fablerq.eth,9
koloz.eth,9
aydanur.eth,8
marktully.eth,8
skyle.eth,8
pastofre.eth,8
menem.eth,8
soyhenry.eth,8
mati-os.eth,8
cortesao.eth,8
dvve.eth,8
richcuellarlopez.eth,8
elblockchainpapa.eth,8
elmoto.eth,8
andrewspencer.eth,8
jenpaff.eth,8
nethan.eth,8
alexism.eth,8
leonh.eth,8
cristianz.eth,8
raffly.eth,8
myweb3journey.eth,8
gumb0.eth,8
pseudotheos.eth,8
chanclasdeltianguis.eth,8
alecv.eth,8
txusblack.eth,8
javiesses.eth,8
rramos.eth,8
esterfonseca.eth,8
bowensanders.eth,8
gmoli.eth,8
malencar.eth,8
bubby.eth,8
diogomf.eth,8
sandracarrillo.eth,8
redeban.eth,8
easeev.eth,8
fermartin.eth,8
jordanlyall.eth,8
jamienewton.eth,8
2lette.eth,8
awayio.eth,8
mfitz.eth,8
vmark.eth,8
wentworth.eth,8
nanopi.eth,8
maestrokongrio.eth,8
ymekuria.eth,8
dumpa.eth,8
raph0x.eth,8
amerameen.eth,8
sabotagebeats.eth,8
0xliberato.eth,8
carletex.eth,8
dude.eth,8
playforchange.eth,8
eliandecrypto.eth,8
blockmerchant.eth,8
gabrielgruber.eth,8
jdestephen.eth,8
zwanzger.eth,8
padpad.eth,8
cryptovc.eth,8
ethjuanma.eth,8
jdoy99.eth,8
mazpooto.eth,8
shefi.eth,8
gioelecerati.eth,8
cattin.eth,8
zhixian.eth,8
jaythukral.eth,8
0xwhaleslee.eth,8
vermeerha.eth,8
juliettech.eth,8
juar.eth,8
carllippert.eth,8
tegus.eth,8
richardou.eth,8
mariahah.eth,8
bloque79.eth,8
anodime.eth,8
13yearoldvc.eth,8
m3rg3.eth,8
ahhsun.eth,8
bayron30x.eth,8
ajsutton.eth,8
jeffbeltrao.eth,8
svante.eth,8
prochorus.eth,8
iamnicki.eth,7
gingerheart.eth,7
salatti.eth,7
simonedamico.eth,7
hodie.eth,7
viren.eth,7
jamesbeck.eth,7
frank7dev.eth,7
ariiellus.eth,7
emelygarcia.eth,7
henrypal.eth,7
frimoldi.eth,7
0xosprey.eth,7
lacriptolearner.eth,7
berndartmueller.eth,7
johnkaller.eth,7
zkdexter.eth,7
luiscamargo.eth,7
jesse.xyz,7
brolag.eth,7
lilykan.eth,7
lautarosole.eth,7
brennen.eth,7
wavect.eth,7
4d4n.eth,7
checkoutdao.eth,7
nelsonmilla.eth,7
highfrequencies.eth,7
fsangui.eth,7
kaereste.eth,7
0xgusbtc.eth,7
tonyolendo.eth,7
thatguyintech.eth,7
sebtopol.eth,7
bobleeswag.eth,7
guide42.eth,7
alexshin.eth,7
kristianpaul.eth,7
mdastugue.eth,7
iamjackoh.eth,7
blocknomad.eth,7
m0xwell.eth,7
anneli.eth,7
easonchai.eth,7
brunuu.eth,7
lucheto.eth,7
yoseph.eth,7
afsando.eth,7
koinzell.eth,7
classicjü™ê.eth,7
etekis.eth,7
justjuju.eth,7
rareweasel.eth,7
locosombrero.eth,7
eugenptr.eth,7
gomezjuan.eth,7
ledom.eth,7
alysia.eth,7
stampingio.eth,7
vagrantcrypto.eth,7
alyria.eth,7
kday.eth,7
epignossy.eth,7
portergeer.eth,7
polycarpik.eth,7
samrichards.eth,7
fleupold.eth,7
lildwarf.eth,7
fiiiu.eth,7
pluch.eth,7
maripoveda.eth,7
sofia-act.eth,7
jentzsch.eth,7
jueputa.eth,7
legrev.eth,7
felipemontes.eth,7
ngok.eth,7
keytocrypto.eth,7
tatipro.eth,7
iameli.eth,7
nazarhussain.eth,7
ryestew.eth,7
spacepunk.eth,7
cesar96.eth,7
rodolfo.eth,7
ziogas.eth,7
annaalexa.eth,7
andrewsaunders.eth,7
gazoo.eth,6
pulen.eth,6
jozer.eth,6
casadasdrogas.eth,6
faismoi.eth,6
jont.eth,6
simonxpe.eth,6
wixzi.eth,6
skinnyjesus.eth,6
psull.eth,6
0xrak.eth,6
4miin3.eth,6
ccami.eth,6
jeffalomaniac.eth,6
frankxavier.eth,6
mashkov.eth,6
el4d.eth,6
iamricardoarambula.eth,6
guillermoacosta.eth,6
liliancueg.eth,6
kentizzle.eth,6
marianag.eth,6
komarov.eth,6
johnx25bd.eth,6
djharris.eth,6
devlyn.eth,6
marciob.eth,6
lynnpratt.eth,6
pdamico.eth,6
d12s.eth,6
ethereumjesus.eth,6
rohitgpt.eth,6
laragulbuke.eth,6
1emu.eth,6
subhashkarri.eth,6
jamescbury.eth,6
ethsd.eth,6
penis.eth,6
trintinalia.eth,6
camarena.eth,6
asiyaasha.eth,6
privatenomad.eth,6
stoqnkp.eth,6
samuelpt.eth,6
coinsultant.eth,6
figue.eth,6
tomfrench.eth,6
technic.eth,6
0xjoe.eth,6
mahsaa.eth,6
bef0rewind.eth,6
bufetecapital.eth,6
mentalist0x.eth,6
alicefulwood.eth,6
willscott.eth,6
byzantineghost.eth,6
dbrettrobertson.gitcoin.eth,6
d3crypt.eth,6
metarealnet.eth,6
narancio.eth,6
skylar.eth,6
zant.eth,6
web3slimchance.eth,6
galactickem.eth,6
kubeüßô‚Äç‚ôÇ.eth,6
elgirafo.eth,6
mihal.eth,6
born.eth,6
digitaloil.eth,6
sternhenri.eth,6
joymun.eth,6
kkarasavvas.eth,6
runninyeti.eth,6
jaka.eth,6
consigli3re.eth,6
dasom.eth,6
pirex.eth,6
web3tribe.eth,6
tengo.eth,6
halfeewet.eth,6
kris.eth,6
kovanwhale.eth,6
mgluisfernando.eth,6
owlearning.eth,6
rouven.eth,6
eitomiyamura.eth,6
baraa.eth,6
julien51.eth,6
bigredcorgi.eth,6
bitcoinroute.eth,6
marcandu.eth,6
pauveelez.eth,6
piam.eth,6
eugenex.eth,6
bankofintern.eth,5
1lladelph.eth,5
rooshee.eth,5
v4n.eth,5
wizardbt.eth,5
emile.eth,5
pedrocobos.eth,5
bozo.eth,5
tirri.eth,5
rodriguezmatid.eth,5
jackalpha.eth,5
shardyaco.eth,5
tradersnow.eth,5
ohana.eth,5
blobscan.eth,5
honkdiddly.eth,5
lordofcoins.eth,5
tcbv00.eth,5
0xvito.eth,5
battgirl.eth,5
felipeasf.eth,5
albertaboy.eth,5
lightsing.eth,5
chandlerdk.eth,5
0xtkgshn.eth,5
emivelazquez.eth,5
milosn.eth,5
matiasac.eth,5
cryptoconsciousness.eth,5
macedo.eth,5
iamsalim.eth,5
leomanfree.eth,5
meirb.eth,5
sumitjh.eth,5
robertson.eth,5
divalabs.eth,5
muertos.eth,5
cock.eth,5
scaloneta.eth,5
wollum.eth,5
fboiero.eth,5
sleonp.eth,5
krogla.eth,5
petra-hobcroft.eth,5
sebastian1337.eth,5
jarln.eth,5
runnerco.eth,5
nachin.eth,5
redpillcollective.eth,5
surfllux.eth,5
thelucazip.eth,5
tdawson.eth,5
gustavoguimaraes.eth,5
feems.eth,5
criptopulga.eth,5
lolzano.eth,5
kozi.eth,5
snackoverflow.eth,5
mcoso.eth,5
cancu.eth,5
barrant.eth,5
ivansaiz.eth,5
volkg.eth,5
unifiedh.eth,5
committable.eth,5
aleksey.eth,5
andyguzman.eth,5
renjieb.eth,5
mixajlo.eth,5
wdimitry.eth,5
sebasbuenaventura.eth,5
‚úåruss.eth,5
atheartengineer.eth,5
cori.eth,5
0xcyrille.eth,5
marejay.eth,5
finestone.eth,5
serkanersanli.eth,5
gonzacolo.eth,5
lawrenceh.eth,5
bobaqueen.eth,5
vea.eth,5
dradaku.eth,5
socialarchive.eth,5
tylobban.eth,5
fjaramillo.eth,5
0xonward.eth,5
gallego.eth,5
0xnats.eth,5
victor928.eth,5
fanyarachel.eth,5
nahuel.eth,5
vuckovac.eth,5
trozler.eth,5
sereneissa.eth,5
mielinaylimon.eth,5
cbazperez.eth,5
victorges.eth,5
cypherbadger.eth,5
whitecurls.eth,5
makeaplay.eth,5
nftwang.eth,5
dounbug.eth,5
haasts.eth,5
ericwall.eth,5
tay.eth,5
baylina.eth,5
sponnet.eth,5
ronchuck.eth,5
katyamichaels.eth,5
shivmalik.eth,5
lamboshi.eth,4
drabiljo.eth,4
mttly.eth,4
itisnotleo.eth,4
cdew.eth,4
saladstar.eth,4
clacla.eth,4
shemnon.eth,4
huichi.eth,4
jdhyun.eth,4
miltor.eth,4
tanz0rz.eth,4
yan.eth,4
rdchk.eth,4
strk7.eth,4
tataportal.eth,4
spremo.eth,4
andotlas.eth,4
anamariamb16.eth,4
platschi.eth,4
sharmioshin.eth,4
ethalita.eth,4
dcatanzaro.eth,4
rahat.eth,4
martynambl.eth,4
habito20.eth,4
hernandoagf.eth,4
cangreja533.eth,4
luker.eth,4
seein.eth,4
lucasjolias.eth,4
lifeissogood.eth,4
ethereal.eth,4
mariniere.eth,4
leuts.eth,4
fegloff.eth,4
naguumo.eth,4
johnsgresham.eth,4
ethresearch.eth,4
carlosbeltran.eth,4
topobadger.eth,4
impactbilli.eth,4
naticchain.eth,4
ajunge.eth,4
maurelian.eth,4
diegoalzate.eth,4
0xmarysol.eth,4
annakaic.eth,4
trythiswallet.eth,4
ermia.eth,4
griesing.eth,4
semenov.eth,4
mgonzaga.eth,4
zkhopper.eth,4
jordimele.eth,4
delaruelle.eth,4
composebrett.eth,4
gasper.eth,4
davidutro.eth,4
lurisante.eth,4
miyazhang.eth,4
bpolania.eth,4
driss.eth,4
nicoshark.eth,4
dkeysil.eth,4
estefi.eth,4
fapulido.eth,4
jubeira.eth,4
cryptoiner.eth,4
budorina.eth,4
mendesfabio.eth,4
kauboi.eth,4
kwaters.eth,4
alexrmead.eth,4
chaseonchain.eth,4
hbesso31.eth,4
jacksonfelty.eth,4
cryptomastery.eth,4
matiasbn.eth,4
tygrupel.eth,4
sethhowes.eth,4
nounsamigos.eth,4
keno.eth,4
zguesmi.eth,4
evabeylin.eth,4
liorrutenberg.eth,4
blainemalone.eth,4
coogan.eth,4
ppolo.eth,4
joshdavis.eth,4
zakku.eth,4
luzhealers.eth,4
asifhussain1.eth,4
mariaguilar.eth,4
fabriciomirandabr.eth,4
naqibnoor.eth,4
taqqui.eth,4
agvermouth.eth,4
khushiw.eth,4
unatalmars.eth,4
enriquecardoza.eth,4
juanbono.eth,4
stefa2k.eth,4
paulodiaz.eth,4
sergito.eth,4
theref.eth,4
farostaking.eth,4
heegs.eth,4
danimonclou.eth,4
ximemonclou.eth,4
duyu.eth,4
jackiesieras.eth,4
marcfontanals.eth,4
yuseff.eth,4
swiderski.eth,4
altagahacker.eth,4
davekim.eth,4
teamedward.eth,4
jaimersb.eth,4
juandav.eth,4
weizard.eth,4
iustintin.eth,4
uxtic.eth,4
entropymaxi.eth,4
marsanem.eth,4
nataliamadrid.eth,4
lukexiao.eth,4
nicoalma.eth,4
anneconnelly.eth,4
esk3nder.eth,4
recoder.eth,4
patzip.eth,4
defifoodie.eth,4
tiago.eth,4
rsquare.eth,4
potuz.eth,4
ladycripto.eth,4
ethereumonarm.eth,4
wick.eth,4
internetter.eth,4
sio.eth,3
lucemans.eth,3
0xwildhare.eth,3
fabluna.eth,3
cheeky-gorilla.eth,3
0xmunger.eth,3
andyrdt.eth,3
rotor.eth,3
axic.eth,3
sandramaria.eth,3
turja.eth,3
wesleystone.eth,3
pealco.eth,3
bowos.eth,3
imbautista.eth,3
jiggyjo.eth,3
mati0x.eth,3
dcj.eth,3
gssh.eth,3
newcapvikram.eth,3
juanigallo.eth,3
doomling.eth,3
braejan.eth,3
kasti.eth,3
lynn3tt3.eth,3
elbuen.mayini.eth,3
out.eth,3
lucamossini.eth,3
valtetu.eth,3
kasiasun.eth,3
jennifermarie.eth,3
manuelgarcia.eth,3
mialbu.eth,3
figmasimp.eth,3
carlbeek.eth,3
chelo.eth,3
0xmdh.eth,3
adamkraft.eth,3
mdhardy.eth,3
tyler.trilez.eth,3
nflaig.eth,3
nissa.eth,3
alejozarate.eth,3
randygomez.eth,3
c0rv0s.eth,3
tails.eth,3
lozada.eth,3
pintail.eth,3
nimi.eth,3
cindyleigh.eth,3
stvnr.eth,3
enrico.eth,3
monse3m.eth,3
chrislime.eth,3
pitagora.eth,3
0xdeniz.eth,3
noonaut.eth,3
dappstop.eth,3
limechain.eth,3
heremans.eth,3
heesungbae.eth,3
chmanie.eth,3
hugo-dc.eth,3
ferparis.eth,3
blksw4n.eth,3
marcromero.eth,3
alebanzas.eth,3
m0bl0cks.eth,3
m0nt0y4.eth,3
kames.eth,3
nathalias.eth,3
jickle.eth,3
berteotti.eth,3
keni.eth,3
selas-ai.eth,3
volpe.eth,3
sunnysatva.eth,3
hitenp1.eth,3
retiredmillennial.eth,3
kmacb.eth,3
grannysmith.eth,3
originalpete.eth,3
wrigleymike.eth,3
lkatz.eth,3
holaloumx.eth,3
dapree.eth,3
zksasha.eth,3
puiglet.eth,3
emilyhobbs.eth,3
dahu33.eth,3
daigaro.eth,3
randeel.eth,3
marika.eth,3
vangrim.eth,3
lowbrow.eth,3
miguelmejia.eth,3
coxzuck.eth,3
rakym.eth,3
tmattimore.eth,3
matt-slater.eth,3
lyaprojectmanagement.eth,3
rumee.rumsan.eth,3
mxrtin.eth,3
zemrose.eth,3
ratio91.eth,3
elyiyo.eth,3
0xsibe.eth,3
creaco.eth,3
londo.eth,3
mjesus.eth,3
marcoslozada.eth,3
kinchasa.eth,3
pokokich.eth,3
iugin.eth,3
matlemad.eth,3
nvillegase.eth,3
novanobu.eth,3
metamundobr.eth,3
chf888.eth,3
ioedeveloper.eth,3
tkeith.eth,3
donacion.eth,3
philzk.eth,3
vojtch.eth,3
dorian321.eth,3
thraull.eth,3
dragonofthefountain.eth,3
husam.eth,3
10xmiche.eth,3
pablov.eth,3
dexhector.eth,3
vidaliz.eth,3
zenbastian.eth,3
anananfts.eth,3
cameron.eth,2
vitalik.eth,2
martymos.eth,2
booklearner.eth,2
gbrice.eth,2
tanglex.eth,2
0xged.eth,2
emmilili.eth,2
spenceryang.eth,2
jfan.eth,2
tianysaurus.eth,2
brocke.eth,2
luiscarlos.eth,2
anikar.eth,2
elessar.eth,2
abena.eth,2
voladys.eth,2
foboz.eth,2
hernando.eth,2
princehamlet.eth,2
datmissingsock.eth,2
abishek.eth,2
chuycepeda.eth,2
morningbreeze.eth,2
konradkopp.eth,2
oceans404.eth,2
flyingfantastic.eth,2
gonzalomendizabal.eth,2
gkol.eth,2
dappdevs.eth,2
pabloa.eth,2
discoqueen.eth,2
justincast.eth,2
yneas.eth,2
swarooph.eth,2
insertwallet.eth,2
jiggyboy.eth,2
gmchad.eth,2
pzelazko.eth,2
aac.eth,2
sshshln.eth,2
aumerez.eth,2
0xdinara.eth,2
metafidegen.eth,2
eatsleepcrypto.eth,2
0xvlad.eth,2
inseon.eth,2
dnjean.eth,2
tomek.eth,2
ronaldxxxx.eth,2
monicazng.eth,2
jtraglia.eth,2
xelaarom.eth,2
rorroio.eth,2
fabrizio.eth,2
ofacenforcer.eth,2
chairmangensler.eth,2
pedroyan.eth,2
paulele.eth,2
ernestosperanza.eth,2
perezpaya.eth,2
yhli.eth,2
letthelordbewithyou.eth,2
adesigner.eth,2
nevergoingtogiveyouup.eth,2
missmakira.eth,2
potats.eth,2
blakehot.eth,2
wilsongunny.eth,2
camey.eth,2
alexfertel.eth,2
0xmendoza.eth,2
kaleiventures.eth,2
0xretro.eth,2
chase-manning.eth,2
edcalderon.eth,2
tombean.eth,2
leonora.eth,2
jonwu.eth,2
srir.eth,2
atomnik.eth,2
nicho.eth,2
joseit.eth,2
lowspec.eth,2
nityas.eth,2
cpsl.eth,2
r0dms.eth,2
sylvianomad.eth,2
sunnysella.eth,2
devenmatthews.eth,2
web3contrail.eth,2
paulgadi.eth,2
xqzme.eth,2
matias.eth,2
mserradilla.eth,2
nugaon.eth,2
ghope.eth,2
pienso.eth,2
multibaas.eth,2
ollieharper.eth,2
thinkmariale.eth,2
ch0fi.eth,2
arangel.eth,2
0xfernando.eth,2
haduong.eth,2
criptosharks.eth,2
nexospokeswoman.eth,2
soncas.eth,2
maybeandre.eth,2
filice.eth,2
icemelon.eth,2
alexmiller.eth,2
feelthefruit.eth,2
angelpardo.eth,2
amill61.eth,2
przemek-rzad.eth,2
zecreygavin.eth,2
zach.eth,2
marcinkaz.eth,2
danieldavila.eth,2
xadrez.eth,2
aroi.eth,2
vincentfrank.eth,2
timconnors.eth,2
gasha94.eth,2
dancr.eth,2
wearsshoes.eth,2
4382.eth,2
jackieb.eth,2
sc10n.eth,2
10xsebastian.eth,2
leoampuero.eth,2
acassimiro.eth,2
virsta.eth,2
mrmtk.eth,2
azeemkhan.eth,2
goller.eth,2
alanhampton.eth,2
davidmoran.eth,2
anuvrm.eth,2
andyblock.eth,2
adamsimms.eth,2
lanceplaine.eth,2
bychloe.eth,2
reek.eth,2
clay00911.eth,2
roysandoval.eth,2
gorda.eth,2
guillaumeth.eth,2
plantboi.eth,2
gracew.eth,2
cryptov1ct0r.eth,2
spencecoin.eth,2
camilomondragon.eth,2
zepedro.eth,2
0xbalrog.eth,2
seoheepark.eth,2
cryptomary.eth,2
burunator.eth,2
mc01.eth,2