lucemans.eth,474
eydrent.eth,470
brantly.eth,435
ethilio.eth,340
deivitto.eth,251
luksgrin.eth,196
lefteris.eth,152
kelsos.eth,147
waangmi.eth,126
gutybv.eth,123
poap.eth,117
james.eth,117
burz.eth,103
tanrikulu.eth,102
nixorokish.eth,100
nick.eth,95
publu.eth,95
vincentweisser.eth,95
greywizard.eth,94
dcjanio.eth,84
matoken.eth,81
alejandro99so.eth,79
daylon.eth,77
jorkleo.eth,73
ligi.ethereum.eth,69
wollivan.eth,69
garypalmerjr.eth,65
coltron.eth,65
sidsel.eth,64
aaroncervera.eth,61
0xb8d65d74,60
0xtangle.eth,58
enriquecardoza.eth,57
0xaf26f7c6,56
heyjet.eth,55
avsa.eth,54
monomesa.eth,54
bjentzsch.eth,52
0xjoshua.eth,52
dperri.eth,49
cryptonautas.eth,48
josefje.eth,47
jefflau.eth,45
hadriencroubois.eth,45
charlesgom.eth,45
shinya.eth,44
gregskril.eth,44
leobunster.eth,42
pablito.eth,41
lanechain.eth,40
androolloyd.eth,40
malteish.eth,40
raymoncalitri.eth,39
yeoudev.eth,39
chrishobcroft.eth,39
wackerow.eth,38
dpfeffer.eth,37
0x4bf91763,37
0xa58cc23a,37
rom.eth,36
fius.eth,36
lamboshi.eth,34
vegayp.eth,34
jmann.eth,33
cristianvaldivia.eth,33
lunera.eth,33
bucky.eth,33
schmidsi.eth,33
romy.eth,33
nebolax.eth,33
entigd.eth,32
kevincharm.eth,31
matut.eth,31
saksijas.eth,31
lalocripto.eth,31
helenag.eth,31
roundelephant.eth,31
knobelsdorf.eth,31
cj42.eth,30
nicogallardo.eth,30
slobo.eth,30
jtriley.eth,30
zett.eth,30
ocandocrypto.eth,30
matthiasang.eth,30
aavechan.eth,30
matheusfpl.eth,30
0x9f01e237,29
erikvalle.eth,29
0xmanu.eth,29
defigirlxo.eth,29
m1guelpf.eth,29
divinecomedian.eth,29
0x3ea80c6c,29
iustintin.eth,29
colfax.eth,28
toshihiko.eth,28
adidonato.eth,28
hsuanting.eth,28
crisgarner.eth,28
vitalik.eth,28
0x64b51b75,28
edwarf.eth,28
ymekuria.eth,28
0x745f26bd,28
mysticryuujin.eth,27
willywonka.eth,27
0x3b9b3343,27
proto.eth,27
wmitsuda.eth,27
ncrmro.eth,27
0x529c2052,27
danolar.eth,26
vadim.eth,26
dcbuilder.eth,26
gnidan.eth,26
callum.eth,26
bakufu.eth,26
sfalah.eth,26
reblock.eth,26
nisita.eth,25
surybonfil.eth,25
oscarbarajas.eth,25
juancamp1987.eth,25
emiliosilva.eth,25
criptomemex.eth,25
0x474ad52c,25
capitulation.eth,25
jameshe.eth,25
luckyrando.eth,25
joxes.eth,25
kaylab.eth,24
davidrinm.eth,24
hihiben.eth,24
tobsch.eth,24
0x36078526,24
web3beach.eth,24
naopiart.eth,24
dylancaponi.eth,24
bodyionita.eth,24
ewcastroh.eth,24
digale.eth,24
fishbiscuit.eth,23
justinahn.eth,23
renacassinelli.eth,23
0xmono.eth,23
0xa92e657c,23
shannonewing.eth,23
navarrocol.eth,23
pipe.eth,23
patomolina.eth,23
nicobevi.eth,23
brichis.eth,23
philipp16.eth,23
billzh.eth,23
sudobangbang.eth,23
slavomir.eth,23
blockmerchant.eth,23
prestonvanloon.eth,23
0x3bdcd88a,22
scottrepreneur.eth,22
0xyamen.eth,22
jessfo.eth,22
0xe04885c3,22
driade1.eth,22
jimjim.eth,22
bauti.eth,22
kvbik.eth,22
harpreet.eth,22
0xb492873d,22
tksohishi.eth,22
oswaldotorres.eth,22
ryanouyang.eth,21
maggo.eth,21
nicobilinkis.eth,21
ferbeat.eth,21
epicqueen.eth,21
lucya.eth,21
jonas.eth,21
nrose.eth,21
othiago.eth,21
ctrlc03.eth,21
shubhamyadav.eth,21
5pence.eth,21
0xc9e30d0d,20
ismailemin.eth,20
diegocabral.eth,20
alex.eth,20
smithkenn.eth,20
forestfang.eth,20
canerbudak.eth,20
robanon.eth,20
jaybuidl.eth,20
metadreamer.eth,20
plasmacorral.eth,20
beyondr.eth,20
danceratopz.eth,19
proofofjake.eth,19
0x0c8df64a,19
nftfork.eth,19
brunitob.eth,19
mattias.eth,19
sktbrd.eth,19
gballet.eth,19
caminocondiego.eth,19
kalis.eth,19
kristof.eth,19
jusbroni.eth,19
cryptochica.eth,19
mpetrunic.eth,19
renzotrujillo.eth,19
redeban.eth,19
creeefs.eth,18
contilean.eth,18
hiringinweb3.eth,18
thesquanch.eth,18
kevinvitale.eth,18
luenga.eth,18
jacob.willemsma.eth,18
keilu.eth,18
dvve.eth,18
criptochix.eth,18
ronan.eth,18
melen.eth,18
benlakoff.eth,18
0x88782d7d,18
ebrock.eth,18
amzah.eth,18
0x6ab0019b,18
dmars300.eth,18
hwanhn.eth,18
bigdaniel.eth,18
0x1359e86f,18
platohedro.eth,18
normad.eth,17
johnnyrut.eth,17
0xulas.eth,17
rossdev.eth,17
relyt29.eth,17
estok.eth,17
fedev.eth,17
javiersalomon.eth,17
simonethg.eth,17
mattmurrs.eth,17
0xad74d773,17
0x1146dda2,17
pe4en.eth,17
maagfer.eth,17
flomojo.eth,17
kiki.kalis.eth,17
lozada.eth,17
0xtoucan.eth,17
haochizzle.eth,17
jjmiranda.eth,17
bal.resch.eth,17
spizzy.eth,17
khenna.eth,17
shutterblock.eth,16
mapachurro.eth,16
axelg.eth,16
alimsahin.eth,16
funkyenough.eth,16
dude.eth,16
nate-d3v.eth,16
bbusa.eth,16
alcito.eth,16
0x2434d67a,16
dorukismen.eth,16
pabletes.eth,16
turupawn.eth,16
neeel.eth,16
fioscan.eth,16
0x6139533d,16
perpetualbeta.eth,16
0x4a52276d,16
tclemos.eth,16
0xglitch.eth,16
lacarolina.eth,16
matiasac.eth,16
priscilaguirre.eth,16
unnawut.eth,16
0xdanko.eth,16
hugom.eth,15
lamarche.eth,15
cbob.eth,15
samcm.eth,15
tobifrieder.eth,15
kirinparadise.eth,15
alexyao.eth,15
jamescarnley.eth,15
viarnes.eth,15
0xa5a29f81,15
melaniedavis.eth,15
rynocreative.eth,15
fsangui.eth,15
anatech.eth,15
chaps.eth,15
0x9beccae6,15
lenklah.eth,15
timnugent.eth,15
usagii.eth,15
hazelstar.eth,15
rallao.eth,15
mcarrica.eth,15
yellowsunshine.eth,15
sasquatchtru.eth,15
gzeon.eth,15
joycechin.eth,15
carlosjramirez.eth,15
0x160def7c,15
eazyg.eth,15
ricocrocodile.eth,15
sandusky.eth,15
gonzaotc.eth,14
0x5241a23e,14
bleesh.eth,14
savid.eth,14
cristpereirag.eth,14
fryorcraken.eth,14
awstian.eth,14
facu.eth,14
riazy.eth,14
semitext.eth,14
bpopa.eth,14
0xjean.eth,14
riada.eth,14
lesmo.eth,14
smakosh.eth,14
especulacion.eth,14
luisotravez.eth,14
jasonchew.eth,14
0x6b00b229,14
coday.eth,14
vmiracle.eth,14
serverwentdown.eth,14
coreyar.eth,14
lewyp.eth,14
masnah.eth,14
alex245.eth,14
palla.eth,14
wentworth.eth,14
0x5fddb291,14
ryndon.eth,14
0x071cb817,14
aron.eth,14
husam.eth,14
stkux.eth,14
stellaachenbach.eth,14
0x129c104f,14
0xwildhare.eth,13
ktlxv.eth,13
borisblock.eth,13
0x4cc6cb9e,13
ymyl.eth,13
pettinarip.eth,13
marian0.eth,13
edsphinx.eth,13
monografia.eth,13
michelleanmar.eth,13
v4n.eth,13
gumb0.eth,13
zklumi.eth,13
ricmoo.eth,13
apitoriadev.eth,13
dioneo.eth,13
0x964e6752,13
yuetloo.eth,13
floguo.eth,13
sucito.eth,13
liszy.eth,13
toony1908.eth,13
beist.eth,13
libevm.eth,13
ffmad.eth,13
soule.eth,13
hkalodner.eth,13
0x0e96b2f7,13
rrraul.eth,13
albertou.eth,13
0xb7a88356,13
tachibana.eth,13
zook.eth,13
alaingode.eth,13
web3dav3.eth,13
0x5636c422,13
jdetychey.eth,13
lscorpion.eth,12
fhildeb.eth,12
haurog.eth,12
heeckhau.eth,12
jsbrown.eth,12
anthonysurfer.eth,12
0x694fd48b,12
toghrulmaharram.eth,12
ferusoria.eth,12
ivancito.eth,12
hollyatkinson.eth,12
cyclonex.eth,12
bowielim.eth,12
tjais.eth,12
sandracarrillo.eth,12
kyrana.eth,12
schwy.eth,12
nicoserranop.eth,12
e1ru1o.eth,12
kichu.eth,12
0xaca4ab44,12
wandss.eth,12
ziogas.eth,12
jakubk.eth,11
aydanur.eth,11
laincalvo.eth,11
khori.eth,11
eugenefinch.eth,11
samchispas.eth,11
ccami.eth,11
jeffalomaniac.eth,11
lightwalker.eth,11
auryn.eth,11
0x9470ab9c,11
nachonc.eth,11
diosito.eth,11
disruptbanksy.eth,11
daws.eth,11
ukuki.eth,11
ccolorado.eth,11
0xcc7ee4ab,11
rebecka.eth,11
highfrequencies.eth,11
0x02738d12,11
stephwong.eth,11
aymon.eth,11
hamer.eth,11
zeugh.eth,11
0x504b0d16,11
j6sp5r.eth,11
jennifermarie.eth,11
vmark.eth,11
agar3s.eth,11
ch1p.eth,11
forer.eth,11
guil.eth,11
0x3b3b7e85,11
0x862e82fa,11
analara.eth,11
0x45e3f97b,11
fablerq.eth,11
griff.eth,11
diosplan.eth,11
izgnzlz.eth,11
eugenptr.eth,11
silkeed.eth,11
sters.eth,11
01abs.eth,11
hack4fun.eth,11
saolyn.eth,11
lawrenceh.eth,11
0x68fbb5d9,11
dlarrainy.eth,11
ayamiya.eth,11
dawgctor.eth,11
tjuliang.eth,10
scottymcbland.eth,10
0xf813773e,10
imlola.eth,10
morke.eth,10
0xd6acbf04,10
0x68claire.eth,10
fermartin.eth,10
maycas.eth,10
pcarranzav.eth,10
bermz.eth,10
evgeny.eth,10
0x53f99ee3,10
ekinci.eth,10
0x37ea4347,10
0xa900d99f,10
0x0fef92a3,10
apostolos.eth,10
evangelos.eth,10
diegolora.eth,10
ariahmyt.eth,10
fashionverse.eth,10
davidmriascos.eth,10
thegaram.eth,10
sxy.eth,10
palomino.eth,10
0xe8887f80,10
sebarz.eth,10
ahhsun.eth,10
jordanlyall.eth,10
arthurmr.eth,10
caronfire.eth,10
0xc9aac03c,10
pauveelez.eth,10
norswap.eth,10
kristianpaul.eth,10
jdestephen.eth,10
carletex.eth,10
santi.eth,10
d3crypt.eth,10
kozi.eth,10
demigod-v.eth,10
0xcf4ab6dc,10
cattin.eth,10
bitcoinroute.eth,10
justinleroux.eth,10
legrev.eth,10
marquitos.eth,10
jhanz.eth,10
acuna.eth,9
0x7ef32da6,9
4d4n.eth,9
selazoel.eth,9
eduadiez.eth,9
lengo.eth,9
0x48c9809b,9
olshansky.eth,9
tmigone.eth,9
emmilili.eth,9
tgerring.eth,9
punkdev.eth,9
chm75.eth,9
ernestognw.eth,9
bowensanders.eth,9
0xholman.eth,9
0x011e12a0,9
trythiswallet.eth,9
alexism.eth,9
lukaskywalker.eth,9
anamariamb16.eth,9
mullethdude.eth,9
sebaleoperez.eth,9
dounbug.eth,9
0xliberato.eth,9
simona.eth,9
wildbambi.eth,9
barrutko.eth,9
tribuneoftheplebs.eth,9
bpolania.eth,9
ignusmart.eth,9
kasiasun.eth,9
kevgmr.eth,9
audreytang.eth,9
btcurenas.eth,9
messhup.eth,9
0x476547d8,9
tdawson.eth,9
ericglau.eth,9
checkoutdao.eth,9
joaoavf.eth,9
kenkhwin.eth,9
changwu.eth,9
annaalexa.eth,9
gioelecerati.eth,9
navdabb.eth,9
stratoff.eth,9
headass.eth,9
0x2863adbb,9
hai-ko.eth,9
0x5b93ff82,9
ethsec.eth,9
0xb2d60143,9
duckie3351.eth,9
findnemo.eth,8
fpetra.eth,8
arturdev.eth,8
wixzi.eth,8
vengist.eth,8
0x53ec0af1,8
rsquare.eth,8
lauangelcu.eth,8
0x9b570523,8
tanz0rz.eth,8
pauldowman.eth,8
0x7e90e036,8
luiscamargo.eth,8
0x3c110442,8
marciob.eth,8
alefcripto.eth,8
saludiego201.eth,8
diegote.eth,8
pprieditis.eth,8
cristianz.eth,8
0xb22981ba,8
svante.eth,8
sofia-act.eth,8
simonpolrot.sismo.eth,8
kysakapitan.eth,8
cancu.eth,8
pranitgarg.eth,8
alecv.eth,8
miguelo.eth,8
defifoodie.eth,8
neetori.eth,8
mariahah.eth,8
soliditydevelopercom.eth,8
0x8754bf57,8
bayron30x.eth,8
0xbbd01b38,8
agustincito.eth,8
mariaguilar.eth,8
0x6e6e3ac4,8
0xc8e0693e,8
fiiiu.eth,8
itsmils.eth,8
kaimi.eth,8
jaka.eth,8
miccy2.eth,8
aaronsoskin.eth,8
0xa6ee1e5e,8
jdoy99.eth,8
snackoverflow.eth,8
wallet.solderneer.eth,8
ashhanai.eth,8
born.eth,8
bigredcorgi.eth,8
najarami.eth,8
sina.eth,8
levikarod.eth,8
balakhonoff.eth,8
m1shanya.eth,8
koloz.eth,8
solange.eth,8
ecodev.eth,7
alexdisney.eth,7
salatti.eth,7
davieli.eth,7
jerst.eth,7
whatt4.eth,7
0xe3e34fa9,7
skinnyjesus.eth,7
javiesses.eth,7
0xc3d696c2,7
4miin3.eth,7
0x99401907,7
emile.eth,7
kentizzle.eth,7
frankxavier.eth,7
annakaic.eth,7
alabay.eth,7
hernandoagf.eth,7
roysandoval.eth,7
maestrokongrio.eth,7
rodriguezmatid.eth,7
canelon.eth,7
0xlucas.eth,7
portergeer.eth,7
flywill.eth,7
andrewspencer.eth,7
amerameen.eth,7
elbuen.mayini.eth,7
samrichards.eth,7
chrisbranders.eth,7
avitzthum.eth,7
michsoftster.eth,7
0xc25e4dc9,7
brolag.eth,7
0xc98b2cb5,7
mihal.eth,7
0x8ce466bd,7
feelthefruit.eth,7
csjoanna.eth,7
juliya.eth,7
0x7221b104,7
delaruelle.eth,7
0x6b6a9a1e,7
easeev.eth,7
ethereumjesus.eth,7
awayio.eth,7
bayge.eth,7
mafercordovas.eth,7
nanopi.eth,7
0xbc18f2f3,7
rareweasel.eth,7
tombean.eth,7
0x077612f7,7
0xf4037ef1,7
iamjackoh.eth,7
0xf809fb31,7
0x775af9b7,7
runnerco.eth,7
pgbrandao.eth,7
brunuu.eth,7
0x970cf067,7
dumpa.eth,7
erxc.eth,7
0xa15499e0,7
lexcryptographica.eth,7
renjieb.eth,7
dor1s.eth,7
lildwarf.eth,7
nethan.eth,7
snowysmile.eth,7
0x558d1817,7
zhixian.eth,7
mjesus.eth,7
0xa8f87a6f,7
gonzalodavalosv.eth,7
ronchuck.eth,7
0x8a307d89,7
0x00000000,6
0x71891d3f,6
bfresh.eth,6
0xjoe.eth,6
0xa6245875,6
0x8ecebfac,6
marto.eth,6
pastofre.eth,6
ariiellus.eth,6
pirex.eth,6
jont.eth,6
0xaacb9645,6
jenninguyen.eth,6
0xb140dcb3,6
0x9dd3950f,6
frank7dev.eth,6
criptosharks.eth,6
wizardbt.eth,6
ch0fi.eth,6
bearmans.eth,6
robertcap.eth,6
0x647786b5,6
0x9a9eba14,6
0xf8367fc3,6
0x943a4849,6
surfllux.eth,6
rramos.eth,6
zguesmi.eth,6
jesse.xyz,6
francom.eth,6
djharris.eth,6
camarena.eth,6
jenpaff.eth,6
berndartmueller.eth,6
liliancueg.eth,6
newcapvikram.eth,6
mattwright.eth,6
0xa2bf1b0a,6
raffly.eth,6
tcbv00.eth,6
0x32f8e036,6
iamricardoarambula.eth,6
0x8741ca60,6
dumas.eth,6
anodime.eth,6
bixdy.eth,6
0x77068d44,6
0x9f9d7185,6
0xf665f2ed,6
oscardefrancia.eth,6
0xf36700ff,6
chessxyz.eth,6
0x285b7eea,6
chandlerdk.eth,6
clarac.eth,6
binah.eth,6
cryptosysadmin.eth,6
0xca5742fd,6
bubby.eth,6
kaereste.eth,6
mdastugue.eth,6
jamienewton.eth,6
0xaren.eth,6
gracew.eth,6
0xc4b46eb1,6
brilliantov.eth,6
0x4c47b252,6
0xd6a3e83e,6
hbesso31.eth,6
0x4a9a40b2,6
tomim.eth,6
gomezjuan.eth,6
jarln.eth,6
yudhishthra.eth,6
0xvlad.eth,6
belf.eth,6
gundeep.eth,6
koinzell.eth,6
mateodaza.eth,6
nventuro.eth,6
willscott.eth,6
bef0rewind.eth,6
bufetecapital.eth,6
byzantineghost.eth,6
cryptovc.eth,6
ivansaiz.eth,6
0x36aa8b43,6
0xretro.eth,6
rouven.eth,6
0x0f30d915,6
kiwi.eth,6
keno.eth,6
blockful.eth,6
joymun.eth,6
ziz0.eth,6
0xdbb74bb1,6
lionseal.eth,6
0xe4c80780,6
victorges.eth,6
0x7b86f576,6
malencar.eth,6
eitomiyamura.eth,6
polycarpik.eth,6
0x11893077,6
0x5cbf3c93,6
afsando.eth,6
0xaff3f033,6
0x6c6f915b,6
0x6182c49f,5
0xdae00539,5
0x2d2a3057,5
1lladelph.eth,5
simonedamico.eth,5
shugo.eth,5
0xe4633c26,5
0x7ca7f2cc,5
matiasbn.eth,5
easonchai.eth,5
0x9e415a09,5
0xbc0352f7,5
kauboi.eth,5
0x07ab597e,5
0xc106e728,5
m0nt0y4.eth,5
diogomf.eth,5
dinocres.eth,5
0xvito.eth,5
alcercu.eth,5
0xce706a01,5
0xcd32111c,5
krogla.eth,5
nicoshark.eth,5
nelsonmilla.eth,5
miltor.eth,5
0xf43cc10b,5
soundi.eth,5
mashkov.eth,5
0x68b708f6,5
dcatanzaro.eth,5
augustol.eth,5
shardyaco.eth,5
guillermoacosta.eth,5
splidge.eth,5
txusblack.eth,5
devlyn.eth,5
0xmarysol.eth,5
myweb3journey.eth,5
notpeopling2day.eth,5
johnx25bd.eth,5
csaw-nft.eth,5
mentalist0x.eth,5
cypherbadger.eth,5
0xb1bb079c,5
halfeewet.eth,5
0x6c9aca82,5
henrypal.eth,5
esk3nder.eth,5
mgonzaga.eth,5
0x9acc748b,5
0x8c6d4f42,5
0x987c4f77,5
carlosbeltran.eth,5
c0rv0s.eth,5
0x76fd3510,5
0x3a101e10,5
gustavoguimaraes.eth,5
0xa73eebe7,5
digiwand.eth,5
0x0d22735d,5
0xa5ee7d69,5
0x9c013d02,5
rohitgpt.eth,5
0xcf1f993a,5
0x70b6eaeb,5
mfitz.eth,5
sebtopol.eth,5
bobleeswag.eth,5
heremans.eth,5
naticchain.eth,5
nahuel.eth,5
0xb23e1197,5
0xd1810e8c,5
0x461cde40,5
etekis.eth,5
0x0ac64043,5
pedroyan.eth,5
camilomondragon.eth,5
0x96ba8576,5
0x2dd45025,5
0xf6a82125,5
0xb453b2ed,5
franzi.eth,5
davidutro.eth,5
cindyleigh.eth,5
asiyaasha.eth,5
mashal.eth,5
ajsutton.eth,5
metastoic.eth,5
stoqnkp.eth,5
0x4a5b536a,5
obiwankenobi.eth,5
coinsultant.eth,5
0x45771b45,5
technic.eth,5
carbonellpablo.eth,5
gasper.eth,5
lurisante.eth,5
doctorwholock.eth,5
criptopulga.eth,5
0xyuzu.eth,5
whatupjeff.eth,5
blksw4n.eth,5
wslyvh.eth,5
wolovim.eth,5
maripoveda.eth,5
web3slimchance.eth,5
battgirl.eth,5
sternhenri.eth,5
gonzacolo.eth,5
socialarchive.eth,5
eek637.eth,5
vangrim.eth,5
danieldavila.eth,5
richardou.eth,5
piesrtasty.eth,5
maxsandy.eth,5
zecreygavin.eth,5
iameli.eth,5
mielinaylimon.eth,5
dradaku.eth,5
yuseff.eth,5
0xd4ec6576,5
nazarhussain.eth,5
davidchu.eth,5
cryptotaxlawyer.io,5
0xed7a3d73,5
ericwall.eth,5
0x8377b33e,5
tay.eth,5
gallego.eth,5
0xc7054d95,4
nvcho.eth,4
pulen.eth,4
itisnotleo.eth,4
faismoi.eth,4
dancr.eth,4
rotor.eth,4
0xce12c582,4
cortesao.eth,4
jamesbeck.eth,4
psull.eth,4
berteotti.eth,4
sponnet.eth,4
kev.eth,4
owenbarnes.eth,4
shotaro.eth,4
0xdadd7c88,4
abena.eth,4
0x48aba6df,4
0x97beb1a9,4
princehamlet.eth,4
mariandrea.eth,4
mxrtin.eth,4
guide42.eth,4
0xc4a6bb51,4
hodie.eth,4
thelucazip.eth,4
tiago.eth,4
komarov.eth,4
yoseph.eth,4
iamnicki.eth,4
dcj.eth,4
pseudotheos.eth,4
guillaumeth.eth,4
0xafaba307,4
thejaf.eth,4
andotlas.eth,4
macedo.eth,4
0xcea6dd2a,4
gorda.eth,4
0xca23e33c,4
wavect.eth,4
0xonward.eth,4
0xd3a3eb0d,4
alebanzas.eth,4
0xa10cc09a,4
zakku.eth,4
0x0ee692fa,4
pluch.eth,4
dappdevs.eth,4
belma.eth,4
0xd295a56a,4
habito20.eth,4
0xtkgshn.eth,4
luker.eth,4
0xcfded4eb,4
supermari0x.eth,4
sumitjh.eth,4
unifiedh.eth,4
0xf6fcefae,4
0xd59c5049,4
0x555306b8,4
wenqing.eth,4
feems.eth,4
johnsgresham.eth,4
grannysmith.eth,4
bobaqueen.eth,4
0x9acd129c,4
liuxi.eth,4
0x1f760c5f,4
0x213ca929,4
timconnors.eth,4
iagocarvalhodev.eth,4
brenner.eth,4
elbluebat.eth,4
muertos.eth,4
wearsshoes.eth,4
0x4f5adf25,4
0x608bef6e,4
0x8d93471d,4
0x72e68e21,4
tonyolendo.eth,4
0xb2ad156a,4
0x6e1aea90,4
0xjh0n.eth,4
0x00f5f8de,4
driss.eth,4
ermia.eth,4
0x8a908333,4
0xc4005329,4
waynesworldza.eth,4
fabrizio.eth,4
0x536299a4,4
fractonventures.eth,4
miyazhang.eth,4
0xc7a68a5c,4
classicjü™ê.eth,4
ernestosperanza.eth,4
perezpaya.eth,4
0xf3b2a5c5,4
0x25d56aca,4
yhli.eth,4
cryptoiner.eth,4
geoff.eth,4
hitenp1.eth,4
metarealnet.eth,4
0x7b2e78d4,4
sebasbuenaventura.eth,4
atomnik.eth,4
sunnysatva.eth,4
volpe.eth,4
nicho.eth,4
lightsing.eth,4
ngok.eth,4
lordello.eth,4
tygrupel.eth,4
luzhealers.eth,4
jacksonfelty.eth,4
0xdf55c3dd,4
0xf2e4a33b,4
0x8e07e612,4
0x53ea3ab1,4
agvermouth.eth,4
fanyarachel.eth,4
0x6095c3ef,4
0x48db3b42,4
ansgar.eth,4
cbazperez.eth,4
0x9978b19b,4
0xee11924e,4
0xd060cd18,4
0x50dbdee1,4
0x72ec7bd6,4
jaimersb.eth,4
0x8becd182,4
0xa46f72f9,4
0xe7ee20a3,4
kkarasavvas.eth,4
pinalikefruit.eth,4
0xe9fe783a,4
afutse.eth,4
0x17369c61,4
0xae32d159,4
baylina.eth,4
storaker.eth,4
0xb81d12e9,4
13yearoldvc.eth,4
0x4d58c555,4
0xfce84f2b,4
eugenex.eth,4
infiniteplayer.eth,4
playforchange.eth,4
tahos.eth,3
at0x.eth,3
gazoo.eth,3
0xc155883b,3
jozer.eth,3
0xf398ac61,3
sharos.eth,3
borahm.xyz,3
akselov.eth,3
0x010afb85,3
tmanguel.eth,3
0x3f0c2a46,3
0x3320cd35,3
blockchainwithvee.eth,3
0x2ddb0432,3
0xafe9e675,3
jfan.eth,3
pedrocobos.eth,3
billw.eth,3
tianysaurus.eth,3
pealco.eth,3
lacriptolearner.eth,3
tirri.eth,3
frimoldi.eth,3
doomling.eth,3
0x38d7fc4d,3
bozo.eth,3
0x31d46041,3
0xosprey.eth,3
richcuellarlopez.eth,3
0xda00a06a,3
0x98eb85f7,3
0xf2dfcae8,3
0x4f955468,3
emelygarcia.eth,3
gonzalomendizabal.eth,3
rdchk.eth,3
brennen.eth,3
ethalita.eth,3
0x54d3e775,3
jiggyboy.eth,3
0xc50761ce,3
maybeandre.eth,3
0xfae7891f,3
0x3b0459c5,3
0xfeda26ed,3
braejan.eth,3
0x9174e7b0,3
juanigallo.eth,3
felipeasf.eth,3
0x5595031b,3
kris.eth,3
randeel.eth,3
redpillcollective.eth,3
martynambl.eth,3
cxqmaggie.eth,3
parithosh.eth,3
0xf7a9a18d,3
0x5a65b2af,3
0xfb43d769,3
gasha94.eth,3
0xaef2ff36,3
randygomez.eth,3
0xc704da0e,3
nissa.eth,3
cryptoconsciousness.eth,3
mariniere.eth,3
leomanfree.eth,3
leuts.eth,3
0x686b7bbd,3
0x625cf39f,3
hooti.eth,3
laragulbuke.eth,3
0xmdh.eth,3
0x1ff1af19,3
0x70c58b28,3
0xd8ef4d0f,3
clay00911.eth,3
0xbbfe4aa8,3
0xf1de7d33,3
0x5b8d544b,3
tomfrench.eth,3
0x79de83ab,3
fegloff.eth,3
duyu.eth,3
piantoni.eth,3
naguumo.eth,3
mttly.eth,3
0x10cecc8a,3
jordimele.eth,3
0x2e21f5d3,3
0x20cbc61d,3
0x73d388e3,3
lachlantodd.eth,3
lukexiao.eth,3
0x5a6a43ba,3
avectats.eth,3
0xb59cdc85,3
0x86db0626,3
fleupold.eth,3
anikar.eth,3
0x5f63c917,3
stvnr.eth,3
dzedajev.eth,3
chrislime.eth,3
coogan.eth,3
0x5bc3d5a3,3
composebrett.eth,3
0x5628f0a4,3
proofofshit.eth,3
tomketal.eth,3
0x15595de1,3
theyavuzarslan.eth,3
rpedroni.eth,3
uanmauan.eth,3
0x2839da03,3
ferparis.eth,3
0x8aacbc7e,3
gumpforrest.eth,3
spyglassventures.eth,3
0x8bd5ee13,3
0xconi.eth,3
sigridjin.eth,3
chaseonchain.eth,3
0x89807398,3
0x161f4790,3
fboiero.eth,3
kday.eth,3
retiredmillennial.eth,3
coxzuck.eth,3
cori.eth,3
0x0f7d7fbb,3
aleksey.eth,3
lkatz.eth,3
0x5ea5879e,3
0xd6d30f18,3
mserradilla.eth,3
blainemalone.eth,3
ollieharper.eth,3
mgluisfernando.eth,3
fjaramillo.eth,3
vermeerha.eth,3
0x7411d631,3
0xc0feddfe,3
atheartengineer.eth,3
theref.eth,3
0x48ad4310,3
danimonclou.eth,3
ledom.eth,3
0x6cee7b34,3
epignossy.eth,3
0xa8e30a7e,3
skylar.eth,3
anuvrm.eth,3
ludem.eth,3
terence.eth,3
pablov.eth,3
0x60c8f36d,3
juandav.eth,3
galactickem.eth,3
0x691385fb,3
marcfontanals.eth,3
0x64de0fea,3
0x93497dfb,3
tylobban.eth,3
baraa.eth,3
0x5c4b2dbb,3
0x530e71dc,3
0x699bfac9,3
0x9da6736d,3
vojtch.eth,3
thraull.eth,3
0x1e24eb00,3
dragonofthefountain.eth,3
blocknomad.eth,3
criptomommy.eth,3
0x4cd10827,3
0x8367d5f1,3
dasom.eth,3
0xba8d7c00,3
0xc7e20724,3
0x7d1d9eb5,3
0x6a2686d2,3
juliettech.eth,3
mendesfabio.eth,3
0x54a13605,3
0x133be5c9,3
0xa9783975,3
0xf87a48f6,2
0xd33f6e44,2
carlosjmelgar.eth,2
0x8f52e5fb,2
bankofintern.eth,2
clacla.eth,2
huichi.eth,2
shemnon.eth,2
0xff8f5406,2
0xe35ef95a,2
mdhardy.eth,2
0x41b0b758,2
0x550a87c2,2
saladstar.eth,2
inseon.eth,2
0xa7ca0867,2
bid.eth,2
0xa9fb1824,2
0x5215f5d5,2
gingerheart.eth,2
0x2253ffe5,2
sabotagebeats.eth,2
0xe6056f52,2
0xcdde993e,2
0x9b6568d7,2
0x22f1283f,2
0x02b01907,2
rahat.eth,2
gingerdao.eth,2
0xdbbb8f8e,2
jackalpha.eth,2
0xcfbf34d3,2
zinur.eth,2
diegomontesb.eth,2
0x480da5a7,2
marcromero.eth,2
imbautista.eth,2
0xb0522bc1,2
0x83e57888,2
0x1265a20a,2
0x3ebbd27b,2
0x072e83cd,2
0x813cbd83,2
0x61a36c36,2
0xfa53d837,2
0xc1a69f90,2
zkdexter.eth,2
0x377a5d7e,2
jeffbeltrao.eth,2
eriko.eth,2
foboz.eth,2
koalabs.eth,2
0xe06a572a,2
sharmioshin.eth,2
platschi.eth,2
0xfdd61f35,2
0xae419a2e,2
0xa5ae650a,2
0x7a6d7c67,2
0x5da97617,2
sthom.eth,2
liaaaaam.eth,2
thi-c.eth,2
0x049569ad,2
0x47e4c324,2
jonathanwong.eth,2
0x7049747e,2
0xe24fbe2f,2
protagoras.eth,2
0xdd931c49,2
abishek.eth,2
0x94f3cdfc,2
0xbd9df6ee,2
lucamossini.eth,2
0x1a5789d0,2
0x2626ff0c,2
0x86a41524,2
caslu.eth,2
xt1na.eth,2
milosn.eth,2
mati-os.eth,2
morningbreeze.eth,2
0x0dc82528,2
0xf7c92ccf,2
0xd53ad0f9,2
0x7f647624,2
bernardchoo.eth,2
oceans404.eth,2
swarooph.eth,2
bududomasidet.eth,2
0xcd0bd032,2
0xec6933c5,2
0x0d9d3729,2
d12s.eth,2
axlvaz.eth,2
penis.eth,2
alejozarate.eth,2
jubeira.eth,2
0x48c73900,2
scaloneta.eth,2
aumerez.eth,2
0xnimz.eth,2
0x2a406639,2
0xccf05712,2
0xd6dd6961,2
tails.eth,2
0x7969a1f4,2
0xc1e514ca,2
0xfd1af514,2
0xf07f65cd,2
0x4e2572d9,2
plantboi.eth,2
nicoalma.eth,2
ginoct.eth,2
nflaig.eth,2
0xc27519cb,2
btandayamo.eth,2
thatguyintech.eth,2
0xf13711d7,2
0x2a456527,2
0x32d1a64f,2
0xe6156d93,2
0xtomo.eth,2
0xf6736be4,2
0xe4c65d7d,2
q9f.eth,2
hernando.eth,2
azeemkhan.eth,2
0xc9eba01b,2
semenov.eth,2
xadrez.eth,2
josepedrosousa.eth,2
enrico.eth,2
matiwhite.eth,2
0x71610339,2
0x9a05f03d,2
izqui.eth,2
0x716f2bdf,2
0xe83e0b36,2
0x5564fa1d,2
noonaut.eth,2
duck.eth,2
chmanie.eth,2
0x31938f42,2
acassimiro.eth,2
mrmao.eth,2
0x7b8d72c1,2
iamsalim.eth,2
alicefulwood.eth,2
0xf38746dc,2
subhashkarri.eth,2
dkeysil.eth,2
padpad.eth,2
0x964aed8c,2
0x07421cb1,2
adesigner.eth,2
angelov.eth,2
0x52ef147f,2
kames.eth,2
0x74553fff,2
0x4af3cd8b,2
mcoso.eth,2
vagrantcrypto.eth,2
volkg.eth,2
0xf20c382d,2
camey.eth,2
rumpiaceo.eth,2
cryptocomical.eth,2
0xf3d24169,2
0x5cb7883f,2
0xd7d76c58,2
0x9c9c51e4,2
0xb398447e,2
prose11.eth,2
elbecario.eth,2
nityas.eth,2
0x4d6795c5,2
0x7cb806a5,2
filice.eth,2
0x332b5112,2
0x91a977c3,2
holaloumx.eth,2
0x35552edd,2
0x4f8fe24a,2
0xe6544819,2
ivelin.eth,2
axw.eth,2
0x4a3fced7,2
0xe059b94b,2
0x43bc7b66,2
ghope.eth,2
0x08efe85b,2
0x6c1e581e,2
0xf0d69997,2
dapree.eth,2
consigli3re.eth,2
0x1d930e42,2
carllippert.eth,2
naqibnoor.eth,2
0x205a08a8,2
0x2b1f1314,2
emilyhobbs.eth,2
levy.eth,2
jonwu.eth,2
juanbono.eth,2
0x2e3684df,2
0xb8ac9c17,2
0x6a97b573,2
0x2b62c0cb,2
0x8fd581bb,2
0x73186b2a,2
0xf3a67633,2
0xb12d314e,2
przemek-rzad.eth,2
broskies.eth,2
zemrose.eth,2
aroi.eth,2
0xa8cadc22,2
0x43dac281,2
someone.eth,2
0x39d2a54d,2
0x0635f876,2
0x9aed86a9,2
0x8b9d0ddf,2
0x38d78a5e,2
elyiyo.eth,2
kovanwhale.eth,2
0x8b7d8c48,2
0x67383ae1,2
chelo.eth,2
0x0709b103,2
0xcb578b70,2
0xfa8cad2a,2
maerg.eth,2
0x52549df3,2
0xfd9aa980,2
0xecfb74f1,2
0x5b93d8bb,2
misterblockchain.eth,2
0xa2bbe92f,2
targovet.eth,2
0xf48bb5c2,2
nachin.eth,2
icemelon.eth,2
0xe3a17b05,2
davekim.eth,2
ferdelat.eth,2
letthelordbewithyou.eth,2
entropymaxi.eth,2
ethernian.eth,2
0x745d939c,2
0x74499069,2
philzk.eth,2
santteegt.eth,2
andyblock.eth,2
0x989fb4bf,2
chelseafinnemore.eth,2
0xa299ba9c,2
0x62e966ae,2
0x9b3eb428,2
dobeck.eth,2
dorian321.eth,2
0xc5a9121e,2
0x44349c11,2
0x48d21dc6,2
0x1e341aa4,2
reek.eth,2
0xa50d0e42,2
0x6a22db6d,2
0xe25d5788,2
0x658e6e1e,2
0x23053ac8,2
0x3fb5eb6f,2
0xa6c33938,2
0x25dc0562,2
mixajlo.eth,2
cesar96.eth,2
0x5d5071ec,2
cuartito.eth,2
0xcd363dc5,2
0xf1db8a26,2
0x90f0cf18,2
0x634c474a,2
0x08f4184e,2
0x3e9976d5,2
katyamichaels.eth,2
pdamico.eth,2
dexhector.eth,2
0xeec696a0,2
0x0d1bc1f8,2
0x068fe995,2
le0xul.eth,2
0xe7b79220,2
juar.eth,2
haasts.eth,2
0x5a35455c,2
0x502e5896,2
mesutgulecen.eth,2
0x56b7b097,2
beerfriend.eth,2
0x0f25809d,2
0x4acd08f5,2
0x531f941a,2
0xb80dd8ff,2
0xignasi.eth,2
0x9445fc03,2